Algorithm,Accuracy,AUC,Precision,Recall,F1-Score,MCC
XGBoost,0.9239809034153507,0.9936661996634236,0.9241486610819203,0.9239809034153507,0.9239358435513979,0.9080436503653249
Random Forest,0.9214102093279471,0.9914294942654232,0.9216010137184193,0.9214102093279471,0.9213893636918964,0.9049406174874697
Logistic Regression,0.9206757253029747,0.9933984516940367,0.9215328435004574,0.9206757253029747,0.9208728071055451,0.9041666634728006
K-Nearest Neighbors,0.9166360631656262,0.9812466098253438,0.9174092603022151,0.9166360631656262,0.9168048079580466,0.8992035213926259
Gaussian NB,0.8979067205288285,0.99020118800855,0.9007023749849569,0.8979067205288285,0.8980754820999807,0.8772632840842779
Decision Tree,0.8920308483290489,0.9333277428741422,0.891684608673476,0.8920308483290489,0.8916502884447878,0.8695491032662572
